<?xml version="1.0" encoding="utf-8" ?>
<dwsync>
<file name="css.css" server="bilbo.dreamhost.com/amapabove.com/" local="131035714436690541" remote="131035606200000000" Dst="2" />
<file name="untitled.html" server="bilbo.dreamhost.com/amapabove.com/" local="131035851233342726" remote="131035743000000000" Dst="2" />
<file name="Cancer.js" server="bilbo.dreamhost.com/amapabove.com/" local="131035693815693836" remote="131035585200000000" Dst="2" />
<file name="wacotracts.js" server="bilbo.dreamhost.com/amapabove.com/" local="131035698510894612" remote="131035590600000000" Dst="2" />
<file name="ManhattanDistrict3.js" server="bilbo.dreamhost.com/amapabove.com/" local="131035931438116509" remote="131035823400000000" Dst="2" />
<file name="KCtracts.js" server="bilbo.dreamhost.com/amapabove.com/" local="131035912704534958" remote="131035807800000000" Dst="2" />
<file name="ManhattanDistrict3.html" server="bilbo.dreamhost.com/amapabove.com/" local="131036121952082443" remote="131036013600000000" Dst="2" />
<file name="ManhattanDistrict3pts.js" server="bilbo.dreamhost.com/amapabove.com/" local="131036059083705259" remote="131035950600000000" Dst="2" />
<file name="pointtest.html" server="bilbo.dreamhost.com/amapabove.com/" local="131036105223989567" remote="131035996800000000" Dst="2" />
<file name="places.js" server="bilbo.dreamhost.com/amapabove.com/" local="131036109851097213" remote="131036001600000000" Dst="2" />
</dwsync>